id,ogrn
dd8ef61c370d1bd49080e82528f417dc,1027809191442
a0399d26ad5f4c042cee223552e5585c,1027802511879
ce6e723662810ac2b108f560812d26da,1027800551130
971ab6dff76d1b5ee5eadb40480ac35d,1027804182560
7b17cf1477a7b68cd7bfdc6cc4750d98,1037828004390
6651d530894913004d3459a08722a178,1027800547510
2ab57b3e9febddfe44febe2b9a3b412e,1027809217480
5445605360d7515ce7254d727305d7c1,1027804895161
2a4a73baa378c2bf97fe8d78a3056228,1027807593758
4ac3a7fb0d4a8a4bb4f1f3f0cb852321,1027809204169
20b4cf4182d487c8223c0cafa85800c2,1027806066090
e54bf3e222181035d88f01880c1322cf,1037825019594
21c8a06778d66aa572a7b46eac684b01,1027806857561
0f5fb3aae32ea35c75792c5a41bae565,1027810346387
d6a7d8de4d43a7dce016f8fd9d8fd460,1027807581460
f02eea047e065c647f622b48dacd72e8,1027804604695
e19248bdf502df4db6bb1b2e6971f7ac,1027807568392
d95e76ad336a94de817b72435a47bf26,1027806887668
8fb81f009d02627a3c45c6bec317b049,1027812404663
8dd2b0da9f9e3121469efe0a719a7b29,1027801583655
8d9ffe11e893906c50bbf5d4fffd5cde,1027802499141
6ba9252e411321b9a3c65bb8bcbc691a,1027800560303
62da009e78f5f815a37b908051f4e915,1027801583347
da6e5535ab98afe6fd588da783bfa42e,1027804599460
a3c345b151831fb7518e4f3750df8820,1037821001240
bd95b1a5a6d5e8a889fe502af48ad511,1027807573200
5ac4f061e1041d089afe5ebc8511e779,1027810242910
d728f014333fd66bcdc2a5b23e27cd44,1027801583897
65e8e5d5e1185b395ca9b8f4896219cb,1027807584133
cffc563064d3ba0715bc36e33144bcdf,1027807579282
94c01fb2371aca9ce60648577bbd90de,1027809007940
5fc5c8f431d09dfb3bf8009a03f364c9,1027809251931
d5f3ab13e3f4fb67a20e48462650479a,1037800017969
de71391ec04097da7332776cc6c4f4f4,1027802499119
0a44dea804ccb4c0aeb092ebe11a78fc,1027802767300
05e5bf66aa8e29fe9c8a0007e794de0d,1037835024589
b7b0165570e72ac89e9c635752d8edea,1037825019506
2a9b85abf69548676d8f4b869d436995,1027807587323
58c307853dc2d713ce7df0869342ac3e,1027806082391
a05ffce54f2c45eaf254f136073d5b37,1027804894292
0383f0162437907f0db5e3a3bdf3a975,1027802740998
fd4f2be848f50a99b517a5fc59a87311,1027806075296
d163a762ff257a01f0d7ee51043ff54e,1027807992827
89f3f8e3306a0483deb291e97519d6d7,1027801583787
ca8ec1e81e65b77418a9145e4bb15065,1027808757844
9dc2aca8a0ab9644c567f623c7f0adcf,1157847167840
0a3bfda43c15da85718b65f27dd580a7,1027804187916
f48343d471d2fa11e8105033299f707c,1037843021446
1320fa345933943cd323cd866eb5f3fa,1027802496590
73d9bd7372047ed6ed16f76a20288f63,5067847274754
77f83f04f0c28a462ab1044ff787e791,1027807582461
1cf2e01dea638cf8d458a184122d2663,1027808913175
bed1afcb9452c5ffd2c725398fc4f86c,1027802740635
1020020c2d985fedd5faec7352283316,1027808918752
a54427f7ca0206d71fefac5d9e0cce87,1027806891419
1b02af6b10f87e68775154d3a0c928f1,1027802739447
e56082ce54e19f86f8528d23fbfc55bc,1027801583369
9c10cc32c4cacaa3db6d87afdf651251,1137847313009
e7d71bb9122399ed7b36a2fed38ea9b8,1027802499339
60d744c8b4486e1f7b33828e345179a7,1027807992761
0337e392c55e7f41e91a18d6e0e9f3a1,1027810346739
1f3cd942014bb473092b5d96c1bee2fe,1027807991452
7660a3704b138245a1d061dc6d2bfabb,1027809003584
88ba10babae72f7f95658af1b0e697dd,1027802497260
564547b4a971e33236414bd2c023090c,1027807591965
a6943fba57eef17848229d55ab6542e6,1027802738413
1d475fb44d1db845eea4e38a28ffa66b,1027804892345
2e87773c4b9ec4c2907ecfb0e7091e06,1037800017584
0b3de1f1b445900e84e1f41af18a739f,1027801583590
e140418ea9cdf97ff7418c5e83e6ccd8,1027808758196
6291ec3ea46d3a71cd8aed5fbb81de80,1047800031355
66a4e693f7a6fe859f639f9b4184bbe4,1037816029415
dfcc909d35fe0e49290ada16c98411e3,1027800547610
4cf9d8c92c9c57952d237b7783a14cf3,1027807583187
7c6514161e64c33f9a1f36befc41b557,1037800017551
b121b7c5257eefb4be4a9f9ccff3f0fd,1027802497909
ef136c460744f05d178e08f329b9c569,1037825006394
c15b3f96bee9e6df2c9790508dddc114,1057812376720
d5d0b38c5048e2f73ba069fc5ffd3132,1027804893071
ededb56c2858c2c5df8655ab50d51542,1037828040117
3eedf075e7571b91d00644a3f4b56396,1027809003551
e71cd633caec0fb50ffb191afde42ef4,1027807991518
9856eb1ba05c534a8f1a88cc4619bd9f,1027801583633
093dcf127fbc8531e7cd0b24e30c8ed6,1027807587917
0cd43947510f6e8907f13a978fdaf501,1037811001062
79132d932f015fe152ba2da39aafca27,1037832012316
26c2504f400e111b23fe3ad2d98062d9,1027802754440
27ca814a820b4e243770af1c68a8ec5c,1177847375562
9873f4e12e4a52bfa7c07ee892748819,1027802496578
49db9d62da8ea9249dc426e846d34464,1037816037775
ef9336c8fd64e00485a166127264a9ea,1037843029025
5dc679d7676f23222a2ca0494ea4dd84,1037825013148
a1f1800dded14ccc4d0a738b52f027c5,1027801583380
93d19c9f8d469deab175e3fb3a655d9b,1027802742747
403a5b28751f9cbbca755d45484e18ef,1037816030966
201f32489e79a4bbba6f636981d7a8e5,1037825013820
f3dcad676ec45a54c826e8ab074cc5e5,1027801583424
8d2e426ead4679ef22cc6d3a80f98cf3,1027810334353
1501ecea4a2e61dbc025464364213754,1037825032420
893a84ad73346bda08db5b1049ea18d4,1037835048041
b8b9b16c14e3522b4c781e457ad58013,1027808867350
60601d8a3d37f65e57a0d182226d055e,1037800021380
a99d79ce627e65c1f63d7c7cfaad959f,1027802499306
b6bcad1f654c6d4eddec6cafe364297e,1027802500725
7fa6142bd3452951b0aff17a336d8c2b,1027808757701
fc51a9feb41a0895917de1b53b88f3d9,1037821001327
8a2639e287ed38e064ee58797db176e8,1027807587862
6d249341a424f7097b2617d79c752901,1147847198091
2b54fd090d46a7b43a72590be217e664,1027808758383
67854c2ed1be380b3f25b05db990cbc3,1027808757932
964538c546148ac42b681d66a525ab2a,1089847102817
6245fc6cdcb356277d53905ef16cf2b7,1027801583578
847488aa7e93a492e0446111fad3857a,1027804188004
ba940cda294db138adda297f755e9b40,1027801583226
e6e2e9e5eec9d8b28517394adb4cb295,1037843091208
1cbdc58948efad37847885f9e321bd44,1037843005441
256116827f33b5f1b09380c849ac9f7e,1027809003540
9970fd93304797ccb14a49a341998de3,1027802496810
38c32a97484c152bdc56bff93695ae9b,1037828001166
1c7bb0f470bba30ff558c7a8fdd2e91b,1037825025776
85d4e3a0810f16b1a6ba5599302b8732,1027804603650
20ae56cd84533fc697d112ceb5c0d0b2,1027807992772
55c2d1485bd00acb553c8e5593cf3c27,1027804601912
dac29a6ceaf7bb0f5363c889aa92413c,1027804182471
6d10c688ad76c4a4424c68b5111daaca,1027804602980
6a57e79ae0824ce613542dc02c0ae4b8,1037843060408
5694a0347e64b9605c219fc724001125,1037821026429
74a8636c38cac12f8dfda7dbd81a042a,1027804895029
ecba4b2ba1cbe7b35b86084571b8b44c,1037851014167
bf744c5f7105744ede726c00ef1c6f02,1027801583391
324a6a390a313b3265fd5316008243bb,7077847159086
264ecf057de634b4e5817921a18a4742,1027801582930
cf1c291726aa87074af19056df596c03,1027804187905
66fe7ba3c6bb5b1e6a70bd0351a7f0fc,1027810344100
6d73270013a98b5c0382f861a45965a3,1037835024820
af25d0ff33bc02f0979c96a1a81a6128,1027810346717
2a184beadb49c03868b023b0ca5ded66,1037819004728
bb74c3570a0334e323ca388547c24c03,1027812401693
ca38c61283cdf2b8bc75fb77623cfbda,1027807573925
d31af453cfcdcc20397028d3e718802e,1117847435111
e6a9d7b3f61ec60da68a6bd16175a37b,1027812405422
5cc21e866358a09d566db458714addd8,1027804903466
93815c21858c66fa127540c7a9e59c5d,1027804894281
d827e8a317258397a0e3ccfff2b1628d,1027807570790
7f1f25d80e33b73eab4a711bf573c1a1,1027806075736
e37c176c935716427e93a40ea5c2ee4f,1027804188015
7fab7fa2c2e0c11aca6b849dbcb9a531,1117847074190
d498602eb64967c9dffd0b94ebda161a,1027807997557
033a006d87fde650e04ba0dbcf91ca3d,1027801541602
de0d05c5e29b4548873118e29df8c367,1027804601483
9846878b16c48c60d7fe38a4775200a3,1027808003332
4e4a1992d9bccaf5c21934885e032ecf,1027804600548
bfc8466f91669935cf6056d3ecff82f8,1027812404058
ee09997e7dfcf859d7913e62e7bab6a9,1027808916343
84f6b14e55e30725281512be7477eced,1027807992981
8cd8c0c28a243c998790e1e6d2982a5b,1037825010123
f5f28a44332e63145e33222a93f0ecd2,1027802497304
669c20c1d0fff842ae45f36c22f4c1a7,1027810349368
3cd2fed9f8958844a55f2147bf7ace5c,1027808757855
d99e78bca05ad90563d05b0c02e85846,1037825019891
1274ec69038539363bb2d4218bdbfc24,1027802737863
f8ab68bfeb005dda07f48e46f40dde2d,1027808913373
18f1ce02df2c3989e28630bb683074b0,1047844001446
9029a7727efca39bb85a844c5083b599,1027802738985
d65b6f99db7a2e0aa837ea13395c89ad,1037825011003
129e3ef305f53160e9514d7bb6edcae2,1037816019317
fca124789c5ca8a71b40f58ca9a772d7,1027807588160
2e49336ffe5e5c235c8b6692c9110c39,1027802521262
af3743747f7f841ab50c0d21a4960f9d,1027802753880
5e581c214e1260473f1c958546e39453,1027807992200
7d4fcd7e46d8aa8eddb2c377a11835ff,1027804602000
4a7fbb00c67214ae5213f9678f65577b,1147847199202
6ac4bd422f56c14c125701b053dd0fc1,1027802749402
af0091d87078f4f5ff3780413f4279ed,1037800004648
cc371c153f266513a75b411616301bc6,1027802499328
56f09b762e4cf3ef39c3f2fe48803b83,1027801582258
7992669408964de1be0b4179ea4463e0,1027809241118
c844b52b5daac53599884a3b97dffe21,1027812405390
b0fe58459a7e72688561590e54eeecd4,1147847205681
be6171506e397b781f94c2c19c1ae854,1037816055518
c8f9a0c26addbcff78189211da8b3f3b,1027802749204
ecca4110d8abda1ad3a33cf00a74fdbc,1027809009084
194d9f2bef06dced19df9478699ce394,1027804601131
ddb9996423a45b2d099744006e1a34ed,1027807991331
faf30cfc2cb67087a82931f1eeb8f90b,1027801583754
0692305bc181bb897d8c6c510d4b5762,1027809003595
f673b3ff40af3b9119ae523bcea106ff,1027801583556
598f7793d3ed285348b631020e7b2bb9,1037800017243
26bf9779a0bf54c8fe42507444c069f3,1037832010171
0141782991dac42359f20bd8d5e64bc7,1027807583132
568c7520ab1470640d19ee569087f707,1027802499944
05b6d4a30e4c6330275746c0f7a6e2f7,1027801582820
8297a10e39a67827bbe83eb15097b7a4,1027802499207
e3efadbfc5cd1fc1591695cede924926,1027807992850
b90f0d9521d34e775d0082f51b2dfea7,1027808012715
d9de53933e6875c6458d4290224c589b,1027802496732
540a1db4eb0918e2577603e4069b8802,1027804610107
42d3b5ac6751fb90a9f839bc6ed25c1d,1027808757833
b4897087fc66eabcf6b90179684e296c,1027809002968
bfe16e2f850f18a203923473a3d01dce,1027802730603
fcdf9eec3b4b88d4086cf625bb2e32de,1027807570482
05f1e4735e93d07fba815c2b40ed2bdd,1027802735960
364f189e04d0e99799a46ac428932826,1027801583479
bc8570a3aadd9f297dc05c0a1b24527a,1027810301606
8cf6c554834c0b4a77e2222b89731f70,1027804602715
5427ede023e6491b896bbdfa43801bb5,1027806892827
4879bf02549fef5c4bfc51253d897d85,1037841003980
22b0761a74ad694b982f00dd41c8099b,1027801582940
d5f2260ec77040aeb7718bdae25dfb9a,1037828005775
2a60458dfe6bcd487eb729c1e12a5e56,1027806070038
e4fde1dc3080e2db5e0d1a1f3478bb1e,1027808757371
619a3c946baf71758125cbbf4dd53ed4,1037816004335
c32f1ffc5849abfde79e566a2513cb2e,1027804892939
5173087fb3edeb7537d2848cc5fef82a,1037821014428
ae176a456df8ab7a4e298ecc53da0a4b,1027801583336
9b96222566922b0e5a481134c1c62e0d,1037816003664
67c306642af5e6f082cf3e5a56eba8eb,1037811038682
85f8a5b94d0bca62741423b889b89c5c,1037825017603
2bec85b3802e112583cc0518d80aa1a5,1027802499372
ba693745e14d34ba00911377c8436a69,1027806893047
ac98fece9ca96c025960968c96344a0c,1027810291189
9d29528e74844c34129b378a028cc846,1027809003530
01cabc2bcd9e66378938ffdd2b201b6b,1027809003518
8d8a014ad690a72d08308b0eba5a3fbe,1027804605443
e81e2e4c3f33ace66b985548411a1260,1027804605696
4c386ba1f4b92a2168838283bdb1722f,1027808910557
00c5fabac7421005c733f40e20a42dd0,1027808757239
cd2a15a27c1f038dde229d98f0c133ef,1027808867052
b09466d763049c66fe641a0af098822f,1037800017518
1afc9785e683067fa67f1be3b608cb83,1027804600713
f40e9d11198b46f3a163c5df571ae6ba,1037835052331
a0be9b2db49c55e92facc8fb4a13e256,1037816029460
a9826e513c46048de9811ea135210463,1027802751822
2128884bd6ccbbf0d1dc3bb0be5a6925,1027808758691
d6a9da0db72be073c48e5eea1cf1c355,1047855063849
b75b68c39f3530516928d968fc0c4864,1027810359730
96eb1bd20a59bad695662c419b3c726b,1027810304345
1dda5122cda47acf75de126689b1687b,1027802749248
4e387dc5f8384dbb340c5a3a40ed9585,1027807585024
961fbea69347277bbac3762bfaa93b53,1027801582214
d500ec243f6183dae05e81035a542ad5,1027807581493
f2dfab1116148464d552badb985a3c72,1027807582824
ef3d70bde813c411ed2744d37369b5cd,1027807992728
809beafdb55882478026f5aeb9f0bb32,1027801583644
2586ccf688fcacdb13b56c2803348db0,1027802730614
1fc0c3e7dc526f281c917fb5c4491bf4,1027808867118
565552c9c52f987805c6efa93a2ac9a0,1027804606202
b3d57d63a1060bf1d167d8087f8ff888,1037825012235
7e329b081704c38a08f3d20f30bbd928,1027801583446
1eea3d527f204f33a2467e07b521279a,1027804895073
a0b1587696f9721670aaf1b197adc1ce,1027804603420
d0617406fe9c2283573ef7e07b9dcb62,1027808914121
65381b10acd8c33121e8701ce35f181f,1037851016070
778000c6a14129e9b6d2595dfc16b3ed,1027806071457
f869a2b1b6fbe107e1ef717728305d50,1037832053665
000e6b938d401fc6e2333873561b9e3e,1037832007553
7a67080248fb90f492adcd71b752094a,1027804892906
92049dd01eec5ca0fe2f883d7b6ec0ee,1027801583490
c739fcc4887b0fccb545948c26c7a9ba,1027806069543
01b6a0764fc90e1cb7a35dea30ffeb5d,1027804605905
8514569b584556b62a428c6b1d9e7edf,1027801582995
3117ecb59bc1695e3aa89bdd61752be6,1027809256617
5738af0983b8add889cc46e2ab72afe8,1027808757602
6731a7fe65501688e6b8f528a496fa99,1117847036702
650af1366e5cbd7324750fb6a3cf605d,1037825018296
07c478a3f9b425518b230ba8fae6d90c,1027801583094
522934ef1c115b8b44a339158414accb,1027810344760
07433315351692597230ef3670033dee,1027807587829
0971f5b57bc4252896bc19b854267500,1027808758647
41d1a32976fbb313681f35fd80eac20e,1027802739557
a9e3266f9c7d640ca709fa7cfe667823,1027804605652
1acb4be8cbd750ebb23e8d42573fc93e,1027808867041
eb34ba76ea002eadec3f6fc11d5586d6,1037821003769
d48a88f3922fc808b67aae4ca9077589,1037832009368
c6bc8d6abdcc75f2b6840523df4e96ef,1027802734926
d66272d90f55e27aec1b92011a40eb26,1027804605861
2537239f692d16ccd384d83f823ea6d5,1027804177060
fc79216bcd7b7e4088c624fc097d31dd,1027801583721
e6745f8c020bf989b428bc706ee97463,1037816031000
25536d5ef189c78c1fcf1cb9ae13b5b8,1027807585948
a2bc43d132572959dbc3b31cb2a671cc,1037835027230
e8cb672b67ba167fcd6ac34e77aee437,1037835045258
9fc683b63cdfc3843ee59245cd17a004,1027809226653
883484ae35db34f17ddc6a41a26bb078,1037816001706
5ca7d3dc25b9b2e9dbb2b56cc886ae87,1037832008466
ba2ba5a6db653928c2c0df0ee1c5d333,1027806076671
fc0c01cab696387594d0b78c9d2fb714,1027810346211
c42a1f89b96450c1d90ff8afd2b25ea0,1027801583457
c3dc65bff498bd9e7062c10100c4e52d,1037811007893
a43f58f359f9e898d2f045df184c41dd,1117847205189
5eb39ef48c5d315aad2146d3ec2980bb,1027802499163
25a8fdd960adaf239ec1b3dfcf750a5d,1027802729195
c4ead1366b36573d3005e70d3d75c320,1027809245860
ab70e59e456e5d95a8bf7b3aca1238fd,1037843004891
6fbe9b39eb1aa72fe4b15b7c96e8e711,1027802496523
e41ccf0a7985b9a16e1db155d4319679,1027801582984
aaaa203e72e6e064f20bc3f6089fbc95,1167847307176
4a9f36176a1dd027e907a001fc4fa121,1027802497601
3dc4cd22ae48daf92d5ae33ed1c0f262,1027808757613
581e7a408dcec485b4da1131bd9f3ee9,1027807992937
6379537f7ff71551198f1b387f80f9ad,1027807584276
a5d058890169483a737bf0c8c606902d,1037832007740
0eaac8e3091ec80be30c02884c71d322,1037800062585
def2b4841b2c82bd83ae1f7f51767b96,1027807577467
4cffe7ff682162b791fb3ee48fdae027,1027802498877
c57466646c8d4948bfa2e4bda8d1dcd7,1037825002368
8bee782164553369cb09ca5439aedd9f,1027810345309
0a6a87d4da0e495d395f68787c0513a9,1027802496480
975d855375b2bba70dfef557c6601c8e,1027806075769
f01b22fb8d038e7f704ec0e12e9bdf92,1027806084790
fc691e71533dbabe3b0d0e54aff9483b,1027808758130
1763222299089489bfa68b224e178eaa,1027800543407
3e96497c11fb306ee17c60969912fc75,1027804606400
09260b546ba51fa204d0b4b7501aeb6c,1027807997250
884fdb4197115e5ec1b93443447612e2,1027804605135
058a3870bcd2c9aee97d127169a91291,1027801583534
8644ef734d7f4ab002b815b1978eac95,1027804182559
b1ac0dfe5123e5629b873c1f0a151260,1027807997722
665cc6a6219e3e1814d141d0e238244f,1027812403740
e640fd1988ae719b748ebc03b247aff9,1027802519370
e5efca6fc775e4e082fc711cd0e1fc88,1027802496864
022cd519916f680172cd3997af91dc3b,1027808867283
dce5e4ded1c40ef49e83abd591e62148,1037835036458
b94a88c2099041674744e0193d87bad0,1027807587609
42f039c1c3fdc626d011fcc0e57c498d,1037825019616
b50b1cafcb55b3adaf46f48cde6b4a5e,1027807992706
4e914ff41044c0c6f15b75dfecee0ef6,1027810298988
ea6eb4d304636fef6e2027e3b84c2d93,1037825008055
d0336a92df9e295c16b593d04c59a4f8,1037835013974
b7a2da53efdbf02a51372e49de3344f3,1027801583468
09bd3c767d700c7d4d7892417f96d2cd,1037843033030
7af4ded07fd7fe7f3aea71da46636393,1027807586113
4b77261c7046328f6f6aaedaa7e1a719,1027801582951
a77b288cfbae3b81b7f38bccb1c56cb0,1027804605080
385dedef64cb688b59b25e7512e03de0,1027806066111
e363166504305701d3b0409d467081f1,1037843019169
c9707c55bc29315ca7108c8e57741aea,1037828001265
b1113785d5fad68245934c8eeb5bd537,1027802516334
6651ad8e787dcc79201a6c9c691605d0,1027809007380
8f9ca7a174a7f55c72a7150dcb641e63,1027804597765
1df87a9b7302c92cf6cb8803aa41b33e,1027806082094
8f7c6da16e990e883a4dc24d229c8e46,1027801583864
373d93c231ab029c10d93ad9f935f53d,1037816004126
3eda4940a604db5b84f69932e41577e0,1027804187971
90b13861cee0011ac5eafc5471d86f9d,1037835051561
c4f2c324cabc68c7fc47c0f88e262279,1027809003496
1ee1426ee935953b5a54d90c232cfd33,1037811059494
fdd938bd8eec14c2b9312326a4a53a83,1097847194939
e86848343ab7d3fed857d0b89e2c88df,1027800546795
870dd2b6f5abc1aa06432f22e10de3b0,1027801582401
b68bdb0147a289906d002395859f16c1,1027804194110
ce484b5098e5190f24935c9d60360dce,1027807997051
0936d3d9e40f9c94de74c4f723151186,1027808868614
1a0c83e573fa8e0e717bd27f2ab0cc45,1027812400923
50151352a2d1da849185b09329d1b3a5,1027808758669
51024fd8f39fd81ce9b219e2d63b670a,1027806078266
435c9709f390632de5a2193013b151cb,1027804895128
44c25015b881c72e834e1f3bdf34da0d,1037821020159
01e940c29f24c1aea40b7b4f176cd103,1027804602132
f1d6c1781b0c002efa13aead58fb589b,1027812404553
7e4a6d0a751341ed5a1239d77304d85b,1027804603562
87c2ab34a750d086d0bf0fefaa69bd52,1037800013789
d1f77a3edf1436e1f24a6f546c3cabe5,1037828000980
cbe930e1dd3e10818f41d121d3fd65cb,1027807580426
83598ea4492a08eb5f35d2f2e2d024e1,1027809230360
cf8447abcc7d4dd2bb09c1c7d2fadbf1,1027804899253
e5ec03c945e69080517faed2560aea3c,1027809255077
c778628b23e830329af281fb275cc9be,1027804194109
257932ff2b358fe9f8b702bd054cedfe,1037851004091
3bbf79dc7d77227fbdb20edf1bb113b2,1117847398338
a4cb52f7764f00bd8cd4a9385c041c28,1047836034850
76282c3b34f049a0f80d73432502723e,1027809009997
b66e83f20956d549bbeb3df2a7b3159c,1027804892500
ade77269bb0453fb1ccc73bb8ab5d00c,1027801582236
26f00c22a1c4c699c1c62c175c2ac735,1027809009161
a1101ea79f650f592a99786098bb9fb9,1027809248807
c3176b7fff707d9316ddbe6be62a13d2,1027804895051
3dfd8672a81f8c0536a6955ba366e5ac,1027808866580
6869173e788f179af24085c481cadb50,1037825012202
2686e87eab90d24c958e91ed201e99ab,1027808757393
f5a9adf8a34ad4bd92382c253f6bd018,1037800008784
97598e50b7b0ac73466a718906a85aaf,1037825006075
df06c7f8b731640416ff95d1530cc388,1037800050276
367dc873fa0bd59d04bab62502d01401,1027804197398
bc0d2d92790dfba0afb3f9af0ba62e3d,1027801583908
c612b2cd6011f1123114ceb94665b7b6,1037816031032
b0d70c27a4fbbe77d2d5ac3552d1c505,1027802739997
eda2ea04735812ee9a00322d8cc4831c,1037835054575
adf08697f8717f42b154221b5b9f8645,1027804600526
259a8596e8cdb878c733988d3b110ffd,1027808913043
d5190925453cc10a25d955673648c619,1027808914704
57d75b6a14ef36d5b1178441a9180df9,1037816030890
f16889ea8f2e26eab6471412a5cf704c,1027806887371
5b56dedd202a2669cce686543d2bee74,1037821003956
caaea64d738477fa284e72cc789a8ecd,1027807587389
dcfd321037816e893867c8b7ffa980b3,1027806066056
c8ddaa79e87d5a275162a1e6c63c7d26,1037800060770
eed6ce694e29bbde4106e1a77f298af5,1027804182581
46fd83c8ddca846c6ea2b2ece747d87c,1027810345310
8ff0f4aff4f166d6dd05806dae5dcf0d,1027802497546
8d523d0c431d85313425e83cdbb26ea6,1027809003507
46b066411fe84cc4a6151f8a753b54c7,1027807578765
e5ad5b434041675ac97f6104eb304318,1027802749490
4c6a538a79fb1a379bce1ffafc1c415d,1037804019340
ec66811e7a0d7f9f50c901a8b343774f,1027809254593
fcbceca18814368d4b14c4aae04647ef,1027802496512
c6d8a9bc892a9901a13e13843f5f6916,1027808913109
dbab045b9f31f6fec3ac89bdd6913290,1027808761804
dd9cf39c6f961b9f83eddf3b0779a398,1167847218098
025e3203d8b090496cff77e63d4c4055,1027801582962
b52b4d40596e504e975770fe3561b292,1027808913120
ae99284767c0baa39ba695e7361d3c82,1027809223518
d31ac34225494052c1ddf5ce188a2877,1027809226312
3de0ce89ab903c6c7dea4aa8ac7719aa,1037835020156
40612edfb9c69f654d071eb5bd8bae5b,1027802499185
2cfd6383ef43d5e3488e58bcda6de2d6,1027802499152
70f204a1cf2004110d6864e06c134d64,1027807571967
533cdd26ff6421a4ff732a2daecfec15,1027806860674
ea01c11ebf428de3048c1dbfd7db4276,1027808758262
1881f96f27817f30890300bde5b899de,1027807587983
17a2bf8ea57f104493fee1dd53a473cf,1027806079201
499cdbcae91ee222d45d9f6e4af512b2,1037843076006
2d74aa1c2d588e887c65a68e58328fa7,1027807991573
86834f9678ba8ec2a99c43e2d7c7787b,1027810340447
1a3c029c58c82e44dc7c31ec79c5978e,1197847080562
e130e01d6833d0ac57dd763a64692859,1097847278649
ca92a13eff2d7c0a3f6851d2c230b703,1027802499350
30a301fe5c925d30e7e06ff55481a0d4,1027802496842
1a9f05f13409016d87537f8f08a23429,1099847000527
d96ae4ddfaacded2859df13ca3e53d0d,1027801583710
bd9e7ee01654694ead4e92a50219fde4,1027802499218
5a7bbebd1b1040d6ea1266ada2464d4d,1027802741185
26d5f337d7461a97f7ad2cb43f0af40f,1037828004500
bfb420aabb8ae176c0484a01aab71273,1027804853955
831c8303f1ca72ff187985a92607f57e,1027801582181
29b6d91dd7015d8adfecc1249266493f,1027801583512
da74438ea2acde8e630c8dd8396f2931,1027806084987
f6fd97b2ef8909982436ca17125b7480,1027804604541
a226c0e86daece4bb567cf82b2a8ac58,1027810305533
6a2957b5483562cf6caa0c3d1e7274b5,1027802497557
152af9e65da85552c5491eaf5fce9239,1027801583700
9a202ba5025e2567ffd5d374ce8c2f97,1037825004711
068d5e67da10fc90e4c5fc016673161a,1027809252130
4b2878e079afe2ec96355c887cb3fa10,1027810356221
5132be32e8679a55af50afc6ec8b6e2c,1027802499340
032f6892d0aafea883d1a25c5b0e5911,1027802741988
adb6d7ff5b6fba7afee78ad83decf655,1027802499383
bfb0b1c499b9440fca6bb88af682c700,1027807574827
276e6e57a8fd9ad757af85bfe6fd693e,1027802726522
4a7157a862719993a63b89195cef6187,1027809243571
9102db69fb4a0d4eb3ea3ffdc29bb028,1027807591459
107d39cea5587ebc4b1276e20b66e6fe,1027801582973
14cfc091a0451c0ca1844c50031f2da7,5067847266328
b916eaa2b3010e286a389d55daeb6ebe,1027808912560
4b857c6e38d3a429c3f0aadf947b7750,1027810291541
3c0b5495d31e525efbcd9d2922cd1bfb,1037816002950
6ed20adaa81139bb6f80c46c7155561d,1027807585607
66a335039a74a8fc0e988004c80be9c1,1027807991589
b27cd069b84ddee764cc2bf2b5a64bd7,1027807593703
ba93cd0a0b3ef1ca8c9129e3cfce3cca,1117847071451
e81dbc45e6e9dafc25b15f7a863b36af,1027809242493
18a5684d1e7d744cb6716fee58d96691,1027804599965
b394db457212b68e96e70a347a94fd79,1027801582225
0f8f7b0a82453cce0923d5565c1b31cb,1117847290824
4ecbc0131bad6b6a9aa1cd1d2d309412,1027807991562
3c4b57f6570eed71eb2c9dde9620692d,1027812404971
bb56968da3e41b2161e36bcafca60758,1037816029492
61804215e8143d1ed46e6786a4a73cdb,1027802737599
258fd423c8fbbace1d70eb86dfe9e12f,1027802725610
3ace8438171e0ff01c7c3890f216831f,1027807992453
8fef87c5dd5d5e160ea3d55c6cd06649,1027807588082
710381f108dc6b73c5de81083ccd6cfa,1027802506071
57f876094d9e1501cde6ff2e6276f7da,1027801583501
e266d782b3bb49a28be52ba1280aa92f,1027807586091
a4b12802785384af2500b62aa7b657f0,1027806066078
1e909c0f9272d3dc6f25293884e328b5,1027802730592
ccda372e4d488b15259b65f78b8998a2,1037825016316
056c23764c752e3a3b19f95ea009708a,1037851010977
4d8ef8015f9901c7cf095f9593a253da,1027809003529
1f1577a1145b79084796a8cd4f350a54,1027801583930
37761f90675f87d679f342418ac87367,1027808757778
911844c4cf1698ddb6dcc94f61472aa6,1027802735993
74b37428e99dd38b51e7730f8875899b,1027801583677
c8474870c02b2bf8d2ad3d24c53e52ff,1027804604156
f0e06a517d6ccb36df5c346ca6b9881e,1027804601990
ee98b0f7abcb87e1e9a0f164db993224,1027809238467
6714e93fe45aa2d652dd540f20094844,1027802740459
66befe48a8e979892560a327e532b871,1027802496919
ac6b7e39004cc2289179aebddb40424d,1027801583688
9e7014bc3335a270a9bdb62208de18c9,1037832051069
bd6034f7772d8234d20f63234a1e7887,1027810349841
c009f830a9cdac546fa5af335a4276fe,1027802499196
49e82c1858321657ca6748dd478fa0a3,1037816030922
7d67d3f3315cf129be44500635e809e1,1027802496501
e9f88c09e30ad5b268402c82f6431256,1037843012790
b4e8a5c6ab045a9eac137d24f88d5059,1027808913318
c63f5132d2f949993d298480f77df8de,1027808913330
798bc9839894ef1ae069d926cb040e96,1027802496930
d0d977c98101d3a34200b71ea55f1786,1027804187950
cf22e767b2f4c06d9c3c80fdaf798c5a,1027809255891
8c401f74a6b13aa9563898b7d39b81ea,1027802726050
8270cf86d9299738d663e2ca26c05d0b,1027801579651
e9de215229011bf5a296d59c3a8d2b3b,1027804606191
35829cf281ca95697e2e51a5041f5efb,1027804599184
4c46979774a14f2940c6956b9f487c50,1037828001683
ca1aaf4213d44eb2d8634c45e97b2a50,1037800024690
0d882f492d087f028dcb5066575e45ab,1027802499020
fbc3a732a2e2fd7cb629830354de1f01,1027804894270
ac49097d4d93110cdd6ac783964074ee,1037825012499
145915878b37daef772f5a529a6a015e,1027809215829
3356c219310593c7975b056a080134d7,1027801583017
116fd5e855360f38f4e1518e7a81d51b,1027804187894
e27efd2feda8994ef9c7441d45472062,1027801583765
d4fa36a51bf24f05f4b4689ce4c103d8,1027802748665
f5d9a3381e79913d861bad49ad8d6e51,1027807992190
7d64b5d839af8122eabe22eab47d1664,1037835013853
7803e99407952c633506a2339223e12c,1027806076033
cc64bb5dcb8689e180d1321442f3c9f8,1027809003573
8a27bc07b0815f171af20e9f9baf35ea,1027802769708
7b50ad310a05a51b3bf6488f7adfc1b3,1027801583611
1b8bdee9f9755f2a1c91e488f2cacaf5,1107847247694
11c501457810dad91e020f138ec9ebdb,1037843000898
52a965101475c0032d261247ce31cab3,1157847088640
887de4d396e5452b2ab8f33e2b094d68,1027804601538
aea7d7280f17d71686a816f3b51cb1be,1027801583413
ee76a6cc7ad9ec811e8d730e847b53ec,1037843047912
f15665f6ea12b9c7848db6db89c2388b,1027809003639
eb1f84f8d2f8e92491030a45df87a4b8,1037828004367
5419fbe60361d287673bc1a61707184e,1187847074843
9fe82fcf42b2063e2f941a1f3d9fb984,1027806072678
bc12175607d1e7cb22757a09a30cd665,1027802520602
4f11eba25aefec5dcb9a5a9bcad17b10,1037825009133
0464bf2aa96c023acdbe71ed47cfc7a9,1037835019012
38848e49345289ffecd1ec72f98d7aab,1037825019693
a6de06f6568ba7e010bdc09301892325,1027807984863
ccdddb5e17cb5247331ee5f0c7b15b28,1027807992783
79f92757b71078c5763e27b3486bb3ae,1027804601934
84bc0f121c2b9a3a9896b8adb9886a28,1037835006318
deceed483d66e28c71804ed933a7a69d,1037825019650
4768f8cce2360f8fbdb83b82927ae1a8,1027802497447
ab97b32ca10106fefac99cbbac247863,1027802737885
5c1ff049db88acfe1cbf45e263b9ce2d,1027802496765
ef9eb60e80e0dc1d14c730b3b1fb1e88,1037821044117
998566e318f0624fa2031b61f63f797a,1027802497282
d6816fb46677bacc4514bf68e03da483,1037843005881
1b3c11fda0d18381ccae333cc4b0847b,2047811005064
b13f863fe5232ac4728e8fa66da285d1,1037800007211
b046928022f41cc46d3e332b2bd3fb77,1027807586586
ab9afadf8ec28553e69d3aae0366cbd1,1027808757910
f1def0a72eb0cf4f610887e32b877b7d,1037821022084
7a37e9a6581950420651ca508ec08ebc,1037843012866
1be097944dc3487c3420246cf157100c,1027802505279
475ae7269a7b9960c35a41cd1ad46c3b,1027806068971
4b831cdf6e5b3f35f6a10f1ea2dfe6db,1037816029393
f44f53654bd5acd03eb29fb718e2ec80,1037835006087
f097144acfcdb070bc2c12626b52dce3,1027807587301
70ca1dfcaa34f5d825132690047480d2,1027810301243
b34b0350aa7d417464655e67ec26f9ab,1037843002691
506d5897f0d470fe37edad006e9e483d,1027812406126
dde7fbd1f00ef4e9a1b61da7e624472a,1027808013310
0d074406193a341c832539d29371e9e3,1027804187840
afaef5398000b5b4e5d152282e7b5231,1027808757866
26e6d7b4bef5ba34321ba4571d95b3fd,1127847051287
50b681f67242ad7d3d6f7caaf80ef626,1027806074790
c24f0a9001115ee960cdcb1b8c2edd29,1027806085999
2e9ba44c6973f66adb64bb4cdf393d1f,1027801583160
05f6beabf4a3e63913270e920b462974,1027808757899
58255bea961722b2d70d667690f3b1ae,1037851003629
60166c6be72011ae4efb1461024e75a6,1027802499130
768135094c9016bb0d47bdeafad25334,1167847321861
a0141b1b11af505a93a8040997d057e9,1027809008974
1f71b87549a7590fb17db232d47f351d,1027802726544
77dbfec9c29c1b1d5c72b552a55fa144,1027802739470
aebd3a204a3a832721e668231b243654,1027801582929
3269cad4272c62e1065c51f3ad915a52,1027806078343
596fea30a548e3bccd2cb0dafae79af8,1037825009694
8b9fb0ab6d377ec6a308d31b3d947a59,1027808913142
df45ce1ca93aad3fa6b7648e26250e49,1037816037797
057b6ecded1b005affe9ff35cef8dd93,1027809003606
d8db882fb71ae50b46129b811ef20abb,1027807583990
5375fa93b04f1889c79d35d105762f96,1147847543084
cb366340f6de1bc95af3f0e95556a858,1027806070050
f077d133a4a5c2aa6a948d98b0b6cf7f,1037828005709
6dd7c938455d27977764c3a69cf986e6,1117847239839
f616bfd13aacf5026b3b4f8e4bf23bf9,1027804895030
d527cb440e8c04ab623a6d8aa3b0ffa2,1147847043717
7e4fd19c26ced0a6a8d07230b82e50ff,1027801583820
cbd1853a72909a14237ce5e29c1eaaf6,1027807992794
7caa4f26ba3251a670f8f07407c13389,1027808758229
89ebae711d31440cd15c280ecdc1fedf,1027802728018
6fb4c64d015ae697cc98c77434285d42,1027807586234
daacac664344b6c78e62cd4f124f1463,1027802496809
80c6b636d5cc99a926dfc990faff0a9d,1027807992838
5fa9f50bb19ef3c4a42c78a92677e7e0,1027810287999
7c218c877903557de7a31d4722e71e67,1037825003743
3d9d8f6412b1eef5845d3d2475490f09,1037821046273
5d40314126e2abbb3a9ee1891b806fa2,1037800018695
f22e6e3953b709ff6026b8708242d4c4,1027808757250
9441cb1857bff3062294930a9761da2a,1027810332307
07a837ce0f6e99fe381dcb8326b54cb3,1027806066034
687b96d539e056de6b8506f31ec3f2dd,1027809010041
b21be5140c4581ec06b41757bef342e9,1117847367164
1e705bd4d8f3a8492d938155c8ee7d21,1027804895150
4926a48e598247ee1dcb9f6b7923f73b,1027804607995
5b560e32227053346f011937d9f2191a,1027810347773
9b321aed9edd50335ab0bc585d6c8301,1037821022040
becd7e7b85dec44731f841c58d759ce1,1027804906700
17c3cf056ad620fc3b7a75d3456b8889,1027806063174
b6516da77f45b7c9a08f931e35074b1d,1037835020079
9f07899a9eddfc608a8f5423f245ec6f,1027807586740
0436ca37fdba2ac103aa8652abdfa896,1027809246046
37d4abedc122467a509b029115e4c0c0,1027804607577
481dbd201d21cb18dcbb6d037a47a7bb,1027812402386
749923a70043fed141b03b29f53722b2,1027808914210
6fd8aaac2ae1e06a8d78cc044b827606,1027808913219
4e6078e371a683521ab0c4b68109c0d0,1027804599085
b666534426ea68ac7efb08735c6cebcf,1027808757877
fd3ed07407bf2246d38534f3b0d1eaf4,1027806082765
78248865c39dfddcca1fc3ff10ed660a,1047841026177
68f8134c27fc9c7f7d53100a20cee69f,1037825011586
9cd17aa4f859f33c218aad42b590893b,1027806081720
40ae1848cde324408624215442723f42,1037816029547
31e98252fe7a25fd9187e98a7bd99f8b,1037825002049
37b5741f69907ff478c76c5da04c9962,1027809003617
e4f3cf8b6269e069bcefed1c242a369f,1027807584023
378e5e821f563588939e1cf10932505f,1027807585300
d0aa62ce87ff61b0259d28a24a902ec3,1037825005096
266f6270c75e3faa0588043b2011cc45,1097847218468
aaabcd3264f00be4d7be9b63813160e1,1037828002739
ceae7706c4d33e7a0e37bc9d0a2a0c93,1027802499120
3d431f8f71d193b03661950dec4ca3ea,1027804894303
e380f6142b66fe15ec7d65cec838970d,1027812404443
988a9e48dd59692c51f4d433254bbc59,1037843093991
646fca922adc08efc5b5604f397cc7b1,1037843003428
048ea276484a7974359348fda64c0e81,1037832010281
4681d77222612d71cd4b666902d824a2,1037843047450
775c7c8e165caf1b784d67f2e223a9de,1027802499295
eb74ea5c332c0d7f58f4ba9291e94d1a,1027808913230
e53e30427cb33d9059a05e81bcfc8e21,1027804187850
f0d810f80de083e4ff934018e9dd5ac4,1027802740570
805abab585f7df503767f95487853087,1037825015865
08357c6e345f9693ba76bddb514e5cdd,1027807979693
6ec6f7e1927818429baba01f5bb2637d,1027809005850
3cf792c849072df4deb9122ef2980e8c,1027804177037
48b057817702045bd7b85a9a7a58befb,1027800539470
56a8109367db467ace9d261b113ba3f4,1037816029426
a801ad338b818dd5a6215182d1391561,1027804604255
387945c1a28c715f70171b4f5b91d9aa,1037869004140
8b4807803faa9a0284b59c8947a13c30,1137847052419
2830afe345e081ce5bde29413193f9d8,1027801583204
3621f4358b920e5694c34dbec1aef22a,1027804895194
82ac98cff25ec52e6a41a0fdf860f202,1027801583589
5706d0cd76a968ada16cf5a5604fc6af,1097847015243
d1b7549445b9e59d33aa3a12f6b9df00,1027804899209
82ba68b74ed4d355fc9086dfeba34b10,1027801583006
55e7c2339e5fb591899ce3cdd464a84d,1027808758372
9830efce9de1c8ed9ea53d582ee18743,1037843044601
1c90796d7b58027f35f3b020bf917bf5,1037851014233
a5be0a2d67c3254a983fc26feb45112d,1027809003562
a3946b925703adf2b74b57e97517f398,1027801583600
e578839779f594d1f2d54f966b88bf48,1027804603672
283a5dc3b4e1e0077fa0bf923c50a1f3,1027802757608
6740edc7a11aad6056f67b034c8d73ad,1027810317590
f33c3b7d2541f696fb7ca842368eacfd,1037835036546
7ad3c1849801382efa4bb63403794367,1037828004389
a1fdb6f24819c9e200369d998143cfee,1027812401539
7100c9fa1a26558b2898602b2a1ada3d,1027808757492
03c761574c0560d3ba1fd1668d9d72f5,1027801583370
9bd4c6f451c0316a413d9c797769d795,1027807583968
ce96eb9441df00e012284f9fb3e0888a,1027801583358
956a55c463bc22a426648b47d017a3dc,1027804606246
c88b02e9020c91b25f8a7d4f9ecbf4c6,1027806080367
feaf80ad84f9e4e5af2b1ef06a188fb4,1037851005048
ed5645479264796a0605037d623e1b17,1027809003628
6d39498e1a63530163a4cf0da1b09ec7,1027809237246
fc439c7abac953fd1ca62256891201ec,1037821057230
54ee5a9a8a003af2a6b1ba73a334b970,1037843011205
6717e3072b3f561b413fc3eca0c380e2,1037828004411
47ce9046611471283601c8180b91f267,1027812406280
566c827436f1d10de40438ee13537650,1027802497898
805688feab291ae4bc812ef24255eeb6,1027806079927
05eda3260ca77de3124f1717ab177d3a,1037816037753
b93623e94940b8615495a9b0f925b4b8,1037825021453
8941b141131b9765edb57213afec4cad,1027808757646
e02bbb9f8ec9cf4a7914a47df5c0cef2,1027804187927
3e73d3580d7b9963b16d1e5a6c3d6c48,1027806074768
f654aa86af07b08bc56be944b946749d,1027810295237
aa85673ac313b7bc54c5424e7cdc7457,1027808913384
20b4bd77798f5e5568fe8c1720eaa096,1027800541735
17802ba82de7bb8be86639e79163359e,1027802497250
1e0f306bc140381ed51d86adcd9b8d38,1127847041871
9d3d3e2b72934993e56b532765d65e33,1027808758603
3715423000fed517f0ae2e2f9567e83a,1027804894260
587d89b42474779ccadafdd5d9a63bb2,1027810299021
505b224dfbb2955be850109cf8a452ed,1037800006089
a27d5d4f5417176c25a30a69dc13357c,1027810223440
990a09afbb15c86de7e9b30d57a82db6,1027802760644
7149c7ef5c5d01c79fc94209bbee531f,1027809005454
20f2a7a7c68f65a56d48763258acac37,1037800021379
cfabb38698f72a1323e39da1b23e0a65,1037816006975
50ea57508413c1d78cf425a76f388a2a,1027801583732
76713d93c1cf3ffa2908b68998b3f490,1027810332593
296a9bd240e0c3dc78b31c832fa1886a,1027804604002
5541e962265c6be0cb9dbb0851823894,1027802737819
79f0edd27c9fa95db918ec54bf1762a7,1027807582967
dda67778899e2aeef74c1d6bc46ef633,1027809249049
91b5068208d11f2e1e07ed5fabf64aea,1027801583567
a454f741c980ad43caacb8fbd7669f37,1027802738590
1693a48a6f333e1bc0fffa6ade161e7c,1027807587895
816277480f51cffde52a08068c4d2ab8,1027802497337
b75ee365c16a87beb04174f0edad7ef5,1037811024349
68f53ce4e6dc31d313c9782dc897020b,1037825007131
29aacd754db0715fb9cd3cdff47af50f,1027809210989